GIT	0001_f0d4f7693fbb_.github_workflows_c8b8_drive_exact_native_fullreg_v2.yml	308
GIT	0002_505603124f21_.github_workflows_c8b8_drive_fullreg_v3.yml	286
GIT	0003_03de74d51a31_.github_workflows_c8b8_filebin_fullreg_probe.yml	2059
GIT	0004_95ce0281f79b_.github_workflows_collect_full_regression_v5_status.yml	3031
GIT	0005_8f3151b6ceb1_.github_workflows_collect_full_regression_v6_status.yml	2970
GIT	0006_d2a442416525_.github_workflows_exact7_drive_fullreg_v4.yml	286
GIT	0007_64029f64726e_.github_workflows_exact7_drive_fullreg_v5.yml	286
GIT	0008_e80d855be1c8_.github_workflows_full_regression_final_v1.yml	13523
GIT	0009_1c50d3d61ed0_.github_workflows_full_regression_seq_v3_v8.yml	15146
GIT	0010_547eb841006c_.github_workflows_full_regression_seq_v4_exact_repo_payload.yml	15872
GIT	0011_9125139b3d70_.github_workflows_full_regression_seq_v7.yml	15355
GIT	0012_8ba235d1497b_.github_workflows_full_regression_v4.yml	11584
GIT	0013_eb278e22b7f2_.github_workflows_full_regression_v5.yml	13313
GIT	0014_db69c21800d7_.github_workflows_full_regression_v6.yml	13314
GIT	0015_4ca39859f238_.github_workflows_fullreg_7c305_from_artifacts.yml	9953
GIT	0016_5fa8df221241_.github_workflows_native_windows_loader_smoke_v8.yml	6078
GIT	0017_2b6b77c76b62_.github_workflows_native_windows_recovered_loader_smoke.yml	6943
GIT	0018_299b816e8a21_.github_workflows_stackprobe_7c305_native_fullreg_artifacts.yml	19952
GIT	0019_ead922b3cfac_.github_workflows_stackprobe_7c305_wormhole_native_fullreg.yml	17658
GIT	0020_29bfb79030a4_.github_workflows_stackprobe_autofix_native_fullreg.yml	18666
GIT	0021_4b17598d607b_.github_workflows_stackprobe_fixed_fullreg_chain_v4.yml	13397
GIT	0022_47cf79c80d19_.github_workflows_stackprobe_payload9_fullreg_rsa_v6.yml	14489
GIT	0023_742297aa97af_.github_workflows_v5_fixed_bounds_full_native_regression.yml	10127
GIT	0024_7e9af6a2736f_.github_workflows_c80_algo_only_stage2_fullreg.yml	7137
GIT	0025_e198cc6fbfb3_.github_workflows_rc3_candidate_realghf_fullreg.yml	11456
GIT	0026_f1394d978a59_.github_workflows_rc3_candidate_realghf_fullreg_v2.yml	11428
GIT	0027_a7f58531768f_.github_workflows_rc3_stack_math_fullreg.yml	17560
GIT	0028_3b95dd2477cd_diagnostics_sigproc_init_seh_probe.c	3730
GIT	0029_36ab6f07c365_diagnostics_sigproc_realcall_stage_probe.c	6116
GIT	0030_07866aeb6d53_.github_workflows_87ec_authoritative_complete_fullreg.yml	13000
GIT	0031_1463737b85e6_.github_workflows_87ec_authoritative_complete_fullreg_v2.yml	13907
GIT	0032_592408fe0e07_.github_workflows_87ec_authoritative_complete_fullreg_v3.yml	3638
GIT	0033_a0d2cbf258c7_.github_workflows_87ec_authoritative_complete_fullreg_v4.yml	4772
GIT	0034_fa002be3e7bc_tools_c8b8_run_complete_regression_v2.py	5429
GIT	0035_b782db58db0a_.c8b8_drive_fullreg_handoff_binding.txt	189
GIT	0036_cd66c4310aa3_.c8b8_drive_fullreg_handoff_mailbox.txt	33
GIT	0037_fa663aa41152_.c8b8_drive_fullreg_handoff_subject_prefix.txt	38
GIT	0038_c00364f85193_.c8b8_drive_fullreg_handoff_v3_binding.txt	270
GIT	0039_5e35d909b085_.c8b8_drive_fullreg_handoff_v3_mailbox.txt	33
GIT	0040_e7f8f907e3b8_.c8b8_drive_fullreg_handoff_v3_subject_prefix.txt	35
GIT	0041_62f440ab9b00_.c8b8_drive_fullreg_v2_handoff_binding.txt	189
GIT	0042_7a91fd00d6cc_.c8b8_drive_fullreg_v2_handoff_mailbox.txt	33
GIT	0043_6a907268058f_.c8b8_drive_fullreg_v2_handoff_subject_prefix.txt	34
GIT	0044_df97bfe1eaa8_.github_workflows_c8b8_artifact_resume_fullreg_v4.yml	18469
GIT	0045_796c6b26d403_.github_workflows_c8b8_drive_exact_native_fullreg.yml	18751
GIT	0046_857ed3848d42_.github_workflows_c8b8_drive_exact_native_fullreg_v2.yml	19184
GIT	0047_d75c2e25a9c2_.github_workflows_c8b8_drive_exact_native_fullreg_v3.yml	19763
GIT	0048_46dd08b9f92b_.github_workflows_c8b8_drive_fullreg_v3.yml	8613
GIT	0049_2ba0ea8d8382_.c8b8_drive_fullreg_handoff_binding.txt	189
GIT	0050_d81dc0448965_.c8b8_drive_fullreg_handoff_mailbox.txt	33
GIT	0051_51918d29832c_.c8b8_drive_fullreg_handoff_subject_prefix.txt	38
GIT	0052_ec6063b69b5d_.github_workflows_c8b8_drive_exact_native_fullreg.yml	18741
GIT	0053_c72976543ad7_.github_workflows_87ec_final_fullreg_release.yml	17655
GIT	0054_d802428dbaab_tools_87ec_native_fullreg_clock_host.c	10804
GIT	0055_01c6ac55d7ac_tools_87ec_run_complete_regression_87ec.py	5579
GIT	0056_d597809b125f_.github_workflows_c8b8_v43_native_fullreg_cmd.yml	14368
GIT	0057_9882c7770cd8_.github_workflows_c8b8_v4_drive_resumable_fullreg.yml	21649
GIT	0058_b136d8db9bec_.github_workflows_c8b8_bootstrap_fullreg_v2.yml	10772
GIT	0059_0777d28db438_.github_workflows_c8b8_final_native_fullreg_v5.yml	12813
GIT	0060_049a6439eeec_.github_workflows_c8b8_final_native_fullreg_v6.yml	13247
GIT	0061_c3538b216586_.github_workflows_c8b8_final_native_fullreg_v7.yml	8455
GIT	0062_6232be9fd6ea_.github_workflows_c8b8_final_native_fullreg_v8.yml	6954
GIT	0063_f6c1908a04d1_.github_workflows_c8b8_final_native_fullreg_v9.yml	8114
GIT	0064_7648ae17e324_.c8b8_fullreg_v2_handoff_binding.txt	166
GIT	0065_88943bdaa1b8_.c8b8_fullreg_v2_handoff_mailbox.txt	35
GIT	0066_a547ec93fbcf_.c8b8_fullreg_v2_handoff_subject_prefix.txt	34
GIT	0067_1faeefb615b2_.c8b8_fullreg_v2b_handoff_binding.txt	166
GIT	0068_211c578a31c2_.c8b8_fullreg_v2b_handoff_mailbox.txt	36
GIT	0069_52a9559e0986_.c8b8_fullreg_v2b_handoff_subject_prefix.txt	35
GIT	0070_22dd99ecdcd5_.c8b8_fullreg_v3_handoff_binding.txt	166
GIT	0071_79e91cd14692_.c8b8_fullreg_v3_handoff_mailbox.txt	35
GIT	0072_a3c5fae74e90_.c8b8_fullreg_v3_handoff_subject_prefix.txt	36
GIT	0073_d78478593037_.ci_HostReplayWinVirtual.c	12884
GIT	0074_a68081d58e72_.github_workflows_c8b8_fullreg_v2_final.yml	23376
GIT	0075_d03c6d291aa8_.github_workflows_c8b8_fullreg_v2b_final.yml	22878
GIT	0076_06e314df648f_.github_workflows_c8b8_resilient_fullreg_v3.yml	26876
GIT	0077_cfb5f8ae4eab_.github_workflows_exact7_drive_fullreg_v4.yml	11853
GIT	0078_b4adb35aa319_.github_workflows_exact7_drive_fullreg_v5.yml	10322
GIT	0079_092275140699_.github_workflows_exact7_drive_fullreg_v4.yml	10371
GIT	0080_e30d94d0ae0a_.github_workflows_c8b8_drive_fullreg_v3.yml	8204
GIT	0081_4bb1d20df725_.github_workflows_c8b8_drive_fullreg_v3.yml	8139
GIT	0082_9ba3a5432ed4_.github_workflows_c8b8_drive_v6_clocked_fullreg.yml	19747
GIT	0083_e026af851f83_.github_workflows_c8b8_drive_exact_native_fullreg.yml	18657
GIT	0084_a104ced9ed35_.github_workflows_fullreg_stackprobe_exact_selfreport.yml	10704
GIT	0085_dc494ec07c67_.github_workflows_native_windows_recovered_loader_smoke.yml	6942
GIT	0086_e869f1f8ae99_.github_workflows_native_windows_recovered_loader_smoke.yml	6936
GIT	0087_81d615cd5a00_.github_workflows_native_windows_recovered_loader_smoke.yml	6106
